{"result":[{"bucket1":[29,1],"bucket2":[24,6],"bucket3":[27,3]},{"bucket1":[26,4],"bucket2":[21,9],"bucket3":[29,1]}],"chiSquare":3.144148154477102,"pValue":0.20761499384165794}