{"result":[{"bucket1":[29,1],"bucket2":[29,1],"bucket3":[28,2]},{"bucket1":[20,10],"bucket2":[15,15],"bucket3":[27,3]}],"chiSquare":6.43968144169623,"pValue":0.039961422775301014}