{"result":[{"bucket1":[23,7],"bucket2":[25,5],"bucket3":[28,2]},{"bucket1":[17,13],"bucket2":[12,18],"bucket3":[27,3]}],"chiSquare":3.7407615971739676,"pValue":0.15406567022862172}