{"result":[{"bucket1":[27,3],"bucket2":[26,4],"bucket3":[29,1]},{"bucket1":[20,10],"bucket2":[19,11],"bucket3":[27,3]}],"chiSquare":0.526599332359582,"pValue":0.7685115797074633}